CREATE DATABASE Hotel;
USE Hotel;
-- Table for storing information about guests
CREATE TABLE Guest (
  GuestID INT PRIMARY KEY AUTO_INCREMENT,
  Name VARCHAR(100),
  Email VARCHAR(100),
  Phone VARCHAR(20),
  Address VARCHAR(255)
);
-- Table for storing information about rooms
CREATE TABLE Room (
  RoomNumber INT PRIMARY KEY,
  RoomType VARCHAR(50),
  Capacity INT,
  Price DECIMAL(10, 2)
);
-- Table for storing reservations
CREATE TABLE Reservation (
  ReservationID VARCHAR(20) PRIMARY KEY,
  GuestID INT,
  RoomNumber INT,
  CheckInDate DATE,
  CheckOutDate DATE,
  TotalAmount DECIMAL(10, 2),
  AdditionalGuests INT,
  Roomstatus ENUM ('Available', 'Occupied', 'Under Maintenance'),
  Paymentstatus ENUM ('Paid', 'Pending', 'Cancelled'),
  EmployeeID VARCHAR(20), -- Add the EmployeeID column
  FOREIGN KEY (GuestID) REFERENCES Guest(GuestID),
  FOREIGN KEY (RoomNumber) REFERENCES Room(RoomNumber),
  FOREIGN KEY (EmployeeID) REFERENCES Employee(EmployeeID) -- Add the foreign key constraint
);
ALTER TABLE Reservation
ADD CONSTRAINT fk_employee_reservation FOREIGN KEY (EmployeeID) REFERENCES Employee(EmployeeID);
-- Table for storing services offered by the hotel
CREATE TABLE Service (
  ServiceID VARCHAR(20) PRIMARY KEY,
  ServiceName VARCHAR(100),
  Description TEXT,
  Price DECIMAL(10, 2)
);
ALTER TABLE Service
ADD COLUMN EmployeeID VARCHAR(20),
ADD CONSTRAINT fk_employee
FOREIGN KEY (EmployeeID) REFERENCES Employee(EmployeeID);

-- Table for storing information about service bookings
CREATE TABLE ServiceBooking (
  BookingID VARCHAR(20) PRIMARY KEY,
  GuestID INT,
  ServiceID VARCHAR(20),
  ReservationID VARCHAR(20), 
  Quantity INT,
  TotalAmount DECIMAL(10, 2),
  FOREIGN KEY (ServiceID) REFERENCES Service(ServiceID),
  FOREIGN KEY (ReservationID) REFERENCES Reservation(ReservationID)
);

CREATE TABLE Employee (
  EmployeeID VARCHAR(20) PRIMARY KEY,
  Name VARCHAR(100),
  Email VARCHAR(100),
  Phone VARCHAR(20),
  Address VARCHAR(255),
  Position VARCHAR(50),
  Salary DECIMAL(10, 2)
);
INSERT INTO Guest (GuestID, Name, Email, Phone, Address)
VALUES 
(1, 'Олексій Петров', 'oleksiy.petrov@gmail.com', '+380(50)1234567', 'вул. Головна 1, Київ, Україна'),
(2, 'Наталія Іванова', 'nataliya.ivanova@gmail.com', '+380(67)2345678', 'вул. Перша 2, Львів, Україна'),
(3, 'Іван Коваль', 'ivan.koval@gmail.com', '+380(93)3456789', 'вул. Центральна 3, Харків, Україна'),
(4, 'Марія Сидоренко', 'maria.sydorenko@gmail.com', '+380(63)4567890', 'вул. Садова 4, Одеса, Україна'),
(5, 'Олег Павлюченко', 'oleg.pavlyuchenko@gmail.com', '+380(96)5678901', 'вул. Городня 5, Дніпро, Україна'),
(6, 'Вікторія Ковальчук', 'viktoria.kovalchuk@gmail.com', '+380(66)6789012', 'вул. Сонячна 6, Запоріжжя, Україна'),
(7, 'Михайло Лисенко', 'mikhailo.lisenko@gmail.com', '+380(97)7890123', 'вул. Весняна 7, Чернігів, Україна'),
(8, 'Юлія Морозова', 'yuliya.morozova@gmail.com', '+380(50)8901234', 'вул. Лісова 8, Івано-Франківськ, Україна'),
(9, 'Олексій Кравчук', 'oleksiy.kravchuk@gmail.com', '+380(67)9012345', 'вул. Польова 9, Луцьк, Україна'),
(10, 'Тетяна Лисенко', 'tetiana.lisenko@gmail.com', '+380(63)0123456', 'вул. Міцна 10, Житомир, Україна'),
(11, 'Ігор Петров', 'igor.petrov@gmail.com', '+380(50)1234567', 'вул. Степова 11, Кропивницький, Україна'),
(12, 'Ольга Степанова', 'olga.stepanova@gmail.com', '+380(67)2345678', 'вул. Лісова 12, Черкаси, Україна'),
(13, 'Вікторія Мороз', 'viktoria.moroz@gmail.com', '+380(93)3456789', 'вул. Садова 13, Чернівці, Україна'),
(14, 'Валентин Васильєв', 'valentin.vasilyev@gmail.com', '+380(63)4567890', 'вул. Гірська 14, Жовква, Україна'),
(15, 'Марина Іванчук', 'marina.ivanchuk@gmail.com', '+380(96)5678901', 'вул. Світла 15, Луцьк, Україна'),
(16, 'Олег Семенов', 'oleg.semenov@gmail.com', '+380(66)6789012', 'вул. Петра Лисенка 16, Маріуполь, Україна'),
(17, 'Юлія Лисенко', 'yuliya.lisenko@gmail.com', '+380(97)7890123', 'вул. Набережна 17, Рівне, Україна'),
(18, 'Станіслав Ковальчук', 'stanislav.kovalchuk@gmail.com', '+380(50)8901234', 'вул. Червоноармійська 18, Суми, Україна'),
(19, 'Анастасія Петренко', 'anastasiya.petrenko@gmail.com', '+380(67)9012345', 'вул. Вічева 19, Тернопіль, Україна'),
(20, 'Олександр Григоров', 'oleksandr.grigorov@gmail.com', '+380(63)0123456', 'вул. Грушевського 20, Ужгород, Україна'),
(21, 'Марина Сидорова', 'marina.sidorova@gmail.com', '+380(50)1234567', 'вул. Пушкіна 21, Київ, Україна'),
(22, 'Олексій Павлов', 'oleksiy.pavlov@gmail.com', '+380(67)2345678', 'вул. Шевченка 22, Львів, Україна'),
(23, 'Тетяна Коваленко', 'tetiana.kovalenko@gmail.com', '+380(93)3456789', 'вул. Героїв України 23, Харків, Україна'),
(24, 'Анна Козик', 'annkozyk@gmail.com', '+380(66)1114325', 'вул. Литвина 9, Калуш, Україна'),
(25, 'Наталія Іванова', 'nataliya.ivanova@gmail.com', '+380(96)5678901', 'вул. Лермонтова 25, Дніпро, Україна'),
(26, 'Олег Павлюченко', 'oleg.pavlyuchenko@gmail.com', '+380(66)6789012', 'вул. Коцюбинського 26, Запоріжжя, Україна'),
(27, 'Вікторія Ковальчук', 'viktoria.kovalchuk@gmail.com', '+380(97)7890123', 'вул. Тараса Шевченка 27, Чернігів, Україна'),
(28, 'Михайло Морозенко', 'mikhailo.morozenko@gmail.com', '+380(50)8901234', 'вул. Жовтнева 28, Івано-Франківськ, Україна'),
(29, 'Юлія Кравченко', 'yuliya.kravchenko@gmail.com', '+380(67)9012345', 'вул. Липова 29, Луцьк, Україна'),
(30, 'Тарас Лисенко', 'taras.lisenko@gmail.com', '+380(63)0123456', 'вул. Проскурівська 30, Житомир, Україна'),
(31, 'Вікторія Петренко', 'viktoria.petrenko@gmail.com', '+380(50)1234567', 'вул. Соборна 31, Кропивницький, Україна'),
(32, 'Максим Степанов', 'maksym.stepanov@gmail.com', '+380(67)2345678', 'вул. Першотравнева 32, Черкаси, Україна'),
(33, 'Наталія Литвиненко', 'nataliya.lytvynenko@gmail.com', '+380(93)3456789', 'вул. Кармелюка 33, Харків, Україна'),
(34, 'Андрій Сидоров', 'andriy.sidorov@gmail.com', '+380(63)4567890', 'вул. Театральна 34, Одеса, Україна'),
(35, 'Ірина Іванова', 'iryna.ivanova@gmail.com', '+380(96)5678901', 'вул. Маршала Малиновського 35, Дніпро, Україна'),
(36, 'Олександр Павленко', 'oleksandr.pavlenko@gmail.com', '+380(66)6789012', 'вул. Пирогова 36, Запоріжжя, Україна'),
(37, 'Маргарита Коваленко', 'margarita.kovalenko@gmail.com', '+380(97)7890123', 'вул. Суворова 37, Чернігів, Україна'),
(38, 'Павло Мороз', 'pavlo.moroz@gmail.com', '+380(50)8901234', 'вул. Героїв Майдану 38, Івано-Франківськ, Україна'),
(39, 'Вікторія Кравченко', 'viktoria.kravchenko@gmail.com', '+380(67)9012345', 'вул. Клепарівська 39, Луцьк, Україна'),
(40, 'Ірина Кухар', 'iryna.kukhar@gmail.com', '+380(50)1114567', 'вул. Київська 22, Суми, Україна'),
(41, 'Ірина Семенова', 'iryna.semenova@gmail.com', '+380(50)1234567', 'вул. Весняна 41, Київ, Україна'), 
(42, 'Олександр Петров', 'oleksandr.petrov@gmail.com', '+380(67)2345678', 'вул. Шевченка 42, Львів, Україна'), 
(43, 'Вікторія Лисенко', 'viktoria.lisenko@gmail.com', '+380(93)3456789', 'вул. Тараса Шевченка 43, Харків, Україна'), 
(44, 'Михайло Коваленко', 'mikhailo.kovalenko@gmail.com', '+380(63)4567890', 'вул. Незалежності 44, Одеса, Україна'), 
(45, 'Тетяна Сидоренко', 'tetiana.sydorenko@gmail.com', '+380(96)5678901', 'вул. Пушкіна 45, Дніпро, Україна'), 
(46, 'Олег Павленко', 'oleg.pavlenko@gmail.com', '+380(66)6789012', 'вул. Гагаріна 46, Запоріжжя, Україна'), 
(47, 'Наталія Кравчук', 'nataliya.kravchuk@gmail.com', '+380(97)7890123', 'вул. Лесі Українки 47, Чернігів, Україна'), 
(48, 'Ігор Мороз', 'igor.moroz@gmail.com', '+380(50)8901234', 'вул. Гетьмана Мазепи 48, Івано-Франківськ, Україна'), 
(49, 'Вікторія Ковальчук', 'viktoria.kovalchuk@gmail.com', '+380(67)9012345', 'вул. Коцюбинського 49, Луцьк, Україна'), 
(50, 'Олексій Лисенко', 'oleksiy.lisenko@gmail.com', '+380(63)0123456', 'вул. Шевченка 50, Житомир, Україна'), 
(51, 'Наталія Петренко', 'nataliya.petrenko@gmail.com', '+380(50)1234567', 'вул. Миру 51, Кропивницький, Україна'), 
(52, 'Іванна Степанова', 'ivanna.stepanova@gmail.com', '+380(67)2345678', 'вул. Гагаріна 52, Черкаси, Україна'), 
(53, 'Микола Мороз', 'mykola.moroz@gmail.com', '+380(93)3456789', 'вул. Грушевського 53, Чернівці, Україна'), 
(54, 'Оксана Шевченко', 'oksana.shevchenko@gmail.com', '+380(63)4567890', 'вул. Львівська 54, Жовква, Україна'), 
(55, 'Максим Сидоров', 'maksym.sidorov@gmail.com', '+380(96)5678901', 'вул. Незалежності 55, Луцьк, Україна'), 
(56, 'Олена Іванчук', 'olena.ivanchuk@gmail.com', '+380(66)6789012', 'вул. Тараса Шевченка 56, Маріуполь, Україна'), 
(57, 'Віталій Семенов', 'vitaliy.semenov@gmail.com', '+380(97)7890123', 'вул. Грушевського 57, Рівне, Україна'), 
(58, 'Наталія Коваленко', 'nataliya.kovalenko@gmail.com', '+380(50)8901234', 'вул. Набережна 58, Суми, Україна'), 
(59, 'Василь Петренко', 'vasily.petrenko@gmail.com', '+380(67)9012345', 'вул. Гоголя 59, Тернопіль, Україна'), 
(60, 'Олександра Іванчук', 'oleksandra.ivanchuk@gmail.com', '+380(63)0123456', 'вул. Першотравнева 60, Ужгород, Україна'), 
(61, 'Ігор Петров', 'igor.petrov@gmail.com', '+380(50)1234567', 'вул. Шевченка 61, Київ, Україна'), 
(62, 'Тетяна Лисенко', 'tetiana.lisenko@gmail.com', '+380(67)2345678', 'вул. Пушкіна 62, Львів, Україна'), 
(63, 'Дмитро Семенов', 'dima.semenov@gmail.com', '+380(50)2234667', 'вул. Бандери 11, Львів, Україна'),
(64, 'Дмитро Кравець', 'dkravets@gmail.com', '+380(50)1073667', 'вул. Гранітна 1, Тернопіль, Україна'),
(65, 'Дмитро  Іванов', 'dmitro.ivanov@gmail.com', '+380(67)1112233', 'вул. Лесі Українки 5, Харків, Україна'),
(66, 'Анна  Коваленко', 'anna.kovalenko@outlook.com', '+380(95)9876543', 'вул. Свободи 120, Дніпро, Україна'),
(67, 'Марія  Гончар', 'maria.gonchar@icloud.com', '+380(73)4445566', 'вул. Пушкіна 7, Запоріжжя, Україна'),
(68, 'Сергій  Попов', 'sergiy.popov@gmail.com', '+380(96)3210098', 'вул. Шевченка 35,  Полтава, Україна'),
(69, 'Олена  Яковенко', 'olena.yakovenko@gmail.com', '+380(66)8765432', 'вул. Грушевського 40,  Чернівці, Україна'),
(70, 'Ігор  Петренко', 'igor.petrenko@gmail.com', '+380(65)4321098', 'вул. Франка 15, Київ, Україна'),
(71, 'Тетяна  Сидоренко', 'tetiana.sidorenko@ukr.net', '+380(63)7654321', 'вул. Гоголя 20, Одеса, Україна'),
(72, 'Андрій  Степаненко', 'andriy.stepanenko@yahoo.com', '+380(97)1234567', 'вул. Сумська 3, Харків, Україна'),
(73, 'Наталія  Гончаренко', 'natalia.goncharenko@outlook.com', '+380(66)2345678', 'вул. Дніпровська 40, Дніпро, Україна'),
(74, 'Олександр  Ковальчук', 'oleksandr.kovalchuk@gmail.com', '+380(95)9876543', 'вул. Запорожська 55, Запоріжжя, Україна'),
(75, 'Ірина  Пономаренко', 'irina.ponomarenko@gmail.com', '+380(67)1112233', 'вул. Пушкінська 60, Полтава, Україна'),
(76, 'Олена  Шевченко', 'olena.shevchenko@gmail.com', '+380(63)7654321', 'вул. Хмельницького 75, Чернівці, Україна'),
(77, 'Дмитро  Григоренко', 'dmitro.grigorenko@ukr.net', '+380(97)1234567', 'вул. Героїв Незалежності 80, Київ, Україна'),
(78, 'Анна  Савченко', 'anna.savchenko@yahoo.com', '+380(65)4321098', 'вул. Дерибасівська 90, Одеса, Україна'),
(79, 'Андрій  Василенко', 'andriy.vasilenko@gmail.ua', '+380(66)2345678', 'вул. Сумська 100, Харків, Україна'),
(80, 'Наталія  Іванова', 'natalia.ivanova@outlook.com', '+380(95)9876543', 'вул. Дніпровська 115, Дніпро, Україна'),
(81, 'Сергій  Петренко', 'serhiy.petrenko@gmail.com', '+380(65)4321098', 'вул. Франка 16, Київ, Україна'),
(82, 'Оксана  Сидоренко', 'oksana.sidorenko@ukr.net', '+380(63)7654321', 'вул. Гоголя 21, Одеса, Україна'),
(83, 'Максим  Степаненко', 'maxim.stepanenko@yahoo.com', '+380(97)1234567', 'вул. Сумська 4, Харків, Україна'),
(84, 'Юлія  Гончаренко', 'yulia.goncharenko@outlook.com', '+380(66)2345678', 'вул. Дніпровська 41, Дніпро, Україна'),
(85, 'Віктор  Ковальчук', 'viktor.kovalchuk@gmail.com', '+380(95)9876543', 'вул. Запорожська 56, Запоріжжя, Україна'),
(86, 'Людмила  Пономаренко', 'lyudmila.ponomarenko@gmail.com', '+380(67)1112233', 'вул. Пушкінська 61, Полтава, Україна'),
(87, 'Вадим  Шевченко', 'vadim.shevchenko@gmail.com', '+380(63)7654321', 'вул. Хмельницького 76, Чернівці, Україна'),
(88, 'Віталій  Григоренко', 'vitaliy.grigorenko@ukr.net', '+380(97)1234567', 'вул. Героїв Незалежності 81, Київ, Україна'),
(89, 'Марина  Савченко', 'marina.savchenko@yahoo.com', '+380(65)4321098', 'вул. Дерибасівська 91, Одеса, Україна'),
(90, 'Дмитро  Василенко', 'dmitro.vasilenko@gmail.com', '+380(66)2345678', 'вул. Сумська 101, Харків, Україна'),
(91, 'Олена  Петренко', 'olena.petrenko@gmail.com', '+380(65)4321098', 'вул. Франка 17, Київ, Україна'),
(92, 'Ігор  Сидоренко', 'igor.sidorenko@ukr.net', '+380(63)7654321', 'вул. Гоголя 22, Одеса, Україна'),
(93, 'Станіслав  Степаненко', 'stanislav.stepanenko@yahoo.com', '+380(97)1234567', 'вул. Сумська 5, Харків, Україна'),
(94, 'Катерина  Гончаренко', 'kateryna.goncharenko@outlook.com', '+380(66)2345678', 'вул. Дніпровська 42, Дніпро, Україна'),
(95, 'Богдан  Ковальчук', 'bogdan.kovalchuk@gmail.com', '+380(95)9876543', 'вул. Запорожська 57, Запоріжжя, Україна'),
(96, 'Христина  Пономаренко', 'hrystina.ponomarenko@gmail.com', '+380(67)1112233', 'вул. Пушкінська 62, Полтава, Україна'),
(97, 'Тарас  Шевченко', 'taras.shevchenko@gmail.com', '+380(63)7654321', 'вул. Хмельницького 77, Чернівці, Україна'),
(98, 'Ольга  Григоренко', 'olga.grigorenko@ukr.net', '+380(97)1234567', 'вул. Героїв Незалежності 82, Київ, Україна'),
(99, 'Юрій  Савченко', 'yuriy.savchenko@yahoo.com', '+380(65)4321098', 'вул. Дерибасівська 92, Одеса, Україна'),
(100, 'Оксана  Василенко', 'oksana.vasilenko@gmail.com', '+380(66)2345678', 'вул. Сумська 102, Харків, Україна');
INSERT INTO Room (RoomNumber, RoomType, Capacity, Price) VALUES
(1, 'Standard', 2, 1500.00 ),
(2, 'Standard', 2, 1500.00 ),
(3, 'Standard', 2, 1500.00 ),
(4, 'Standard', 2, 1500.00 ),
(5, 'Standard', 2, 1500.00 ),
(6, 'Single', 1, 900.00 ),
(7, 'Single', 1, 900.00 ),
(8, 'Single', 1, 900.00 ),
(9, 'Single', 1, 900.00 ),
(10, 'Single', 1, 900.00 ),
(11, 'Suite', 4, 4500.00 ),
(12, 'Suite', 4, 4500.00 ),
(13, 'Suite', 4, 4500.00 ),
(14, 'Suite', 4, 4500.00 ),
(15, 'Suite', 4, 4500.00 ),
(16, 'Deluxe', 2, 2800 ),
(17, 'Deluxe', 2, 2800 ),
(18, 'Deluxe', 2, 2800 ),
(19, 'Deluxe', 2, 2800 ),
(20, 'Conference Hall', 30, 2000);
INSERT INTO Employee (EmployeeID, Name, Email, Phone, Address, Position, Salary) VALUES
('EMP1','Анна Артим', 'annaart@gmail.com', '+380(66)1074428','Сахарова 40, Львів, Україна', 'Головний директор',40000),
('EMP2','Андрій Балаж', 'andrbalazh@gmail.com', '+380(66)1081120','Бандери 10, Львів, Україна', 'Адміністратор', 25000),
('EMP3','Злата Міцкевич', 'zlatam@gmail.com', '+380(95)3334423','Пасічна 4, Івано-Франківськ, Україна', 'Адміністратор', 25000 ),
('EMP4','Олексій Іванишин', 'oleksiyiv@gmail.com', '+380(99)9962211','Чорновола 1, Івано-Франківськ, Україна', 'Економіст', 30000 ),
('EMP5','Вікторія Клим', 'vikctoriiakk@gmail.com', '+380(66)5604324','Литвина 40, Долина, Україна', 'Покоївка', 10000 ),
('EMP6','Аліна Корвацька', 'alinkakorv@gmail.com', '+380(66)1103456','Підвальна 76, Дрогобич, Україна', 'Покоївка', 10000 ),
('EMP7','Вікторія Клим', 'vikctoriiakk@gmail.com', '+380(66)5604324','Литвина 40, Долина, Україна', 'Покоївка', 10000 ),
('EMP8','Тетяна Яковецька', 'tetianayakovetska@gmail.com', '+380(97)3377328','Лема 10, Івано-Франківськ, Україна', 'Няня', 15000 );
INSERT INTO Service (ServiceID, ServiceName, Description, Price, EmployeeID ) VALUES
('S11','Room Cleaning', 'Additional professional cleaning service for hotel rooms', '300', 'EMP5'),
('S22','Laundry', 'Laundry service for guests', '250', 'EMP6'),
('S33','Babysitter', 'Professional babysitting service for guests', '500.00', 'EMP8'),
('S44','Food Delivery', 'Food delivery service for guests', '50.00', NULL),
('S55','Play Room', 'Access to hotel playroom for children', '0', NULL);
UPDATE Service
SET EmployeeID = NULL
WHERE ServiceID = 'S55';
INSERT INTO Employee (EmployeeID, Name, Email, Phone, Address, Position, Salary) VALUES
('EMP001', 'Анна Артим', 'annaart@gmail.com', '+380(66)1074428','Сахарова 40, Львів, Україна', 'Головний директор', 40000),
('EMP002', 'Андрій Балаж', 'andrbalazh@gmail.com', '+380(66)1081120','Бандери 10, Львів, Україна', 'Адміністратор', 25000),
('EMP003', 'Злата Міцкевич', 'zlatam@gmail.com', '+380(95)3334423','Пасічна 4, Івано-Франківськ, Україна', 'Адміністратор', 25000),
('EMP004', 'Олексій Іванишин', 'oleksiyiv@gmail.com', '+380(99)9962211','Чорновола 1, Івано-Франківськ, Україна', 'Економіст', 30000),
('EMP005', 'Вікторія Клим', 'vikctoriiakk@gmail.com', '+380(66)5604324','Литвина 40, Долина, Україна', 'Покоївка', 10000),
('EMP006', 'Аліна Корвацька', 'alinkakorv@gmail.com', '+380(66)1103456','Підвальна 76, Дрогобич, Україна', 'Покоївка', 10000),
('EMP007', 'Вікторія Клим', 'vikctoriiakk@gmail.com', '+380(66)5604324','Литвина 40, Долина, Україна', 'Покоївка', 10000),
('EMP008', 'Тетяна Яковецька', 'tetianayakovetska@gmail.com', '+380(97)3377328','Лема 10, Івано-Франківськ, Україна', 'Няня', 15000);
INSERT INTO Reservation (ReservationID, GuestID, RoomNumber, CheckInDate, CheckOutDate, TotalAmount, AdditionalGuests, RoomStatus, PaymentStatus, EmployeeID) VALUES
('RS1', '1', '1', '2024-01-20', '2024-01-21', '1900.00', '1', 'Occupied', 'Paid', 'EMP002'),
('RS2', '2', '1', '2024-01-25', '2024-01-26', '1500.00', '0', 'Occupied', 'Paid', 'EMP003'),
('RS3', '3', '2', '2024-01-25', '2024-01-26', '1500.00', '0', 'Occupied', 'Paid', 'EMP003'),
('RS4', '4', '3', '2024-01-25', '2024-01-26', '1500.00', '1', 'Occupied', 'Paid', 'EMP003'),
('RS5', '5', '9', '2024-01-27', '2024-01-28', '900.00', '0', 'Occupied', 'Paid', 'EMP002'),
('RS6', '6', '1', '2024-01-27', '2024-01-28', '1500.00', '1', 'Occupied', 'Paid', 'EMP003'),
('RS7', '7', '6', '2024-01-27', '2024-01-28', '900.00', '0', 'Occupied', 'Paid', 'EMP002'),
('RS8', '8', '7', '2024-01-27', '2024-01-28', '900.00', '0', 'Occupied', 'Paid', 'EMP002'),
('RS9', '9', '10', '2024-01-27', '2024-01-28', '900.00', '0', 'Occupied', 'Paid', 'EMP002'),
('RS10', '10', '8', '2024-01-27', '2024-01-28', '900.00', '0', 'Occupied', 'Paid', 'EMP003'),
('RS11', '11', '1', '2024-01-29', '2024-01-30', '1500.00', '1', 'Occupied', 'Paid', 'EMP002'),
('RS12', '12', '2', '2024-01-29', '2024-01-30', '1500.00', '0', 'Occupied', 'Paid', 'EMP002'),
('RS13', '13', '3', '2024-01-29', '2024-01-30', '1500.00', '1', 'Occupied', 'Paid', 'EMP002'),
('RS14', '14', '4', '2024-01-29', '2024-01-30', '1500.00', '1', 'Occupied', 'Paid', 'EMP002'),
('RS15', '15', '5', '2024-01-29', '2024-01-30', '1500.00', '0', 'Occupied', 'Paid', 'EMP003'),
('RS16', '16', '1', '2024-02-01', '2024-02-03', '3000.00', '1', 'Occupied', 'Paid', 'EMP002'),
('RS17', '17', '2', '2024-02-01', '2024-02-03', '3000.00', '1', 'Occupied', 'Paid', 'EMP002'),
('RS18', '18', '3', '2024-02-01', '2024-02-02', '1500.00', '0', 'Occupied', 'Paid', 'EMP003'),
('RS19', '19', '4', '2024-02-01', '2024-02-03', '3000.00', '0', 'Occupied', 'Paid', 'EMP002'),
('RS20', '20', '5', '2024-02-01', '2024-02-03', '3000.00', '1', 'Occupied', 'Paid', 'EMP002'),
('RS21', '21', '6', '2024-02-01', '2024-02-03', '1800.00', '0', 'Occupied', 'Paid', 'EMP002'),
('RS22', '22', '20', '2024-02-01', '2024-02-03','4000.00','10', 'Occupied', 'Paid', 'EMP002'),
('RS23', '23', '20', '2024-02-04', '2024-02-05', '2000.00', '20', 'Occupied', 'Paid', 'EMP003'),
('RS24', '24', '8', '2024-02-01', '2024-02-03', '1800.00', '0', 'Occupied', 'Paid', 'EMP002'),
('RS25', '25', '9', '2024-02-01', '2024-02-03', '1800.00', '0', 'Occupied', 'Paid', 'EMP002'),
('RS26', '26', '10', '2024-02-01', '2024-02-03', '900.00', '0', 'Occupied', 'Paid', 'EMP003'),
('RS27', '27', '11', '2024-02-01', '2024-02-03', '9000.00', '2', 'Occupied', 'Paid', 'EMP002'),
('RS28', '28', '12', '2024-02-01', '2024-02-02', '4500.00', '1', 'Occupied', 'Paid', 'EMP002'),
('RS29', '29', '13', '2024-02-01', '2024-02-04', '13500.00', '3', 'Occupied', 'Paid', 'EMP003'),
('RS30', '30', '14', '2024-02-03', '2024-02-06', '13500.00', '1', 'Occupied', 'Paid', 'EMP002'),
('RS31', '31', '15', '2024-02-03', '2024-02-05', '9000.00', '3', 'Occupied', 'Paid', 'EMP003'),
('RS32', '32', '16', '2024-02-04', '2024-02-05', '2800.00', '1', 'Occupied', 'Paid', 'EMP002'),
('RS33', '33', '17', '2024-02-05', '2024-02-06', '2800.00', '1', 'Occupied', 'Paid', 'EMP003'),
('RS34', '34', '18', '2024-02-05', '2024-02-06', '2800.00', '1', 'Occupied', 'Paid', 'EMP002'),
('RS35', '35', '19', '2024-02-06', '2024-02-08', '5600.00', '1', 'Occupied', 'Paid', 'EMP003'),
('RS36', '36', '20', '2024-02-07', '2024-02-08', '2000.00', '29', 'Occupied', 'Paid', 'EMP002'),
('RS37', '37', '3', '2024-02-06', '2024-02-08', '5600.00', '0', 'Occupied', 'Paid', 'EMP002'),
('RS38', '38', '2', '2024-02-06', '2024-02-07', '1500.00', '1', 'Occupied', 'Paid', 'EMP003'),
('RS39', '39', '1', '2024-02-08', '2024-02-10', '1500.00', '0', 'Occupied', 'Paid', 'EMP002'),
('RS40', '40', '7', '2024-02-08', '2024-02-09', '900.00', '0', 'Occupied', 'Paid', 'EMP002'),
('RS41', '41', '8', '2024-02-08', '2024-02-10', '1800.00', '0', 'Occupied', 'Paid', 'EMP003'),
('RS42', '42', '6', '2024-02-08', '2024-02-10', '1800.00', '1', 'Occupied', 'Paid', 'EMP002'),
('RS43', '43', '5', '2024-02-10', '2024-02-11', '1500.00', '0', 'Occupied', 'Paid', 'EMP002'),
('RS44', '44', '4', '2024-02-10', '2024-02-11', '1500.00', '1', 'Occupied', 'Paid', 'EMP003'),
('RS45', '45', '3', '2024-02-10', '2024-02-12', '1500.00', '0', 'Occupied', 'Paid', 'EMP002'),
('RS46', '46', '2', '2024-02-10', '2024-02-12', '3000.00', '1', 'Occupied', 'Paid', 'EMP002'),
('RS47', '47', '1', '2024-02-12', '2024-02-14', '1500.00', '0', 'Occupied', 'Paid', 'EMP003'),
('RS48', '48', '7', '2024-02-12', '2024-02-13', '900.00', '0', 'Occupied', 'Paid', 'EMP002'),
('RS49', '49', '8', '2024-02-12', '2024-02-14', '1800.00', '0', 'Occupied', 'Paid', 'EMP002'),
('RS50', '50', '6', '2024-02-12', '2024-02-14', '1800.00', '1', 'Occupied', 'Paid', 'EMP003'),
('RS51', '51', '5', '2024-02-14', '2024-02-15', '1500.00', '0', 'Occupied', 'Paid', 'EMP002'),
('RS52', '52', '4', '2024-02-14', '2024-02-15', '1500.00', '1', 'Occupied', 'Paid', 'EMP003'),
('RS53', '53', '7', '2024-02-14', '2024-02-15', '900.00', '0', 'Occupied', 'Paid', 'EMP002'),  
('RS54', '54', '2', '2024-02-14', '2024-02-15', '1500.00', '1', 'Occupied', 'Paid', 'EMP002'),
('RS55', '55', '1', '2024-02-15', '2024-02-17', '1500.00', '0', 'Occupied', 'Paid', 'EMP003'),
('RS56', '56', '14', '2024-02-15', '2024-02-16', '4500.00', '3', 'Occupied', 'Paid', 'EMP002'), 
('RS57', '57', '6', '2024-02-15', '2024-02-17', '1800.00', '1', 'Occupied', 'Paid', 'EMP003'),
('RS58', '58', '5', '2024-02-17', '2024-02-18', '1500.00', '0', 'Occupied', 'Paid', 'EMP002'),
('RS59', '59', '17', '2024-02-17', '2024-02-18', '2800.00', '1', 'Occupied', 'Paid', 'EMP002'),  
('RS60', '60', '8', '2024-02-17', '2024-02-18', '1800.00', '0', 'Occupied', 'Paid', 'EMP003'),
('RS61', '61', '6', '2024-02-17', '2024-02-19', '1800.00', '1', 'Occupied', 'Paid', 'EMP002'),
('RS62', '62', '1', '2024-02-19', '2024-02-21', '1500.00', '0', 'Occupied', 'Paid', 'EMP003'),
('RS63', '63', '7', '2024-02-19', '2024-02-20', '900.00', '0', 'Occupied', 'Paid', 'EMP002'), 
('RS64', '64', '8', '2024-02-19', '2024-02-21', '1800.00', '0', 'Occupied', 'Paid', 'EMP002'), 
('RS65', '65', '6', '2024-02-19', '2024-02-21', '1800.00', '0', 'Occupied', 'Paid', 'EMP003'),
('RS66', '66', '5', '2024-02-21', '2024-02-22', '1500.00', '0', 'Occupied', 'Paid', 'EMP002'),
('RS67', '67', '7', '2024-02-21', '2024-02-22', '900.00', '0', 'Occupied', 'Paid', 'EMP002'),  
('RS68', '68', '11', '2024-02-21', '2024-02-23', '1800.00', '0', 'Occupied', 'Paid', 'EMP003'),  
('RS69', '69', '6', '2024-02-21', '2024-02-23', '1800.00', '0', 'Occupied', 'Paid', 'EMP002'),
('RS70', '70', '7', '2024-02-21', '2024-02-22', '900.00', '0', 'Occupied', 'Paid', 'EMP002'),
('RS71', '71', '5', '2024-02-23', '2024-02-24', '1500.00', '1', 'Occupied', 'Paid', 'EMP003'),
('RS72', '72', '4', '2024-02-23', '2024-02-24', '1500.00', '0', 'Occupied', 'Paid', 'EMP002'),
('RS73', '73', '7', '2024-02-23', '2024-02-24', '900.00', '0', 'Occupied', 'Paid', 'EMP002'),  
('RS74', '74', '3', '2024-02-23', '2024-02-25', '3000.00', '1', 'Occupied', 'Paid', 'EMP003'),
('RS75', '75', '2', '2024-02-23', '2024-02-24', '1500.00', '0', 'Occupied', 'Paid', 'EMP002'),
('RS76', '76', '1', '2024-02-25', '2024-02-27', '3000.00', '1', 'Occupied', 'Paid', 'EMP003'),
('RS77', '77', '14', '2024-02-25', '2024-02-26', '4500.00', '0', 'Occupied', 'Paid', 'EMP002'),  
('RS78', '78', '15', '2024-02-25', '2024-02-27', '9000.00', '3', 'Occupied', 'Paid', 'EMP002'),  
('RS79', '79', '6', '2024-02-25', '2024-02-27','1800.00', '0', 'Occupied', 'Paid', 'EMP003'),
('RS80', '80', '5', '2024-02-27', '2024-02-28', '1500.00', '1', 'Occupied', 'Paid', 'EMP002'),
('RS81', '81', '4', '2024-02-27', '2024-02-28', '1500.00', '0', 'Occupied', 'Paid', 'EMP002'),
('RS82', '82', '7', '2024-02-27', '2024-02-28', '900.00', '0', 'Occupied', 'Paid', 'EMP002'), 
('RS83', '83', '3', '2024-02-27', '2024-02-28', '1500.00', '1', 'Occupied', 'Paid', 'EMP003'),
('RS84', '84', '2', '2024-02-27', '2024-02-28', '1500.00', '0', 'Occupied', 'Paid', 'EMP002'),
('RS85', '85', '1', '2024-03-01', '2024-03-02', '1500.00', '0', 'Occupied', 'Paid', 'EMP003'),
('RS86', '86', '7', '2024-03-01', '2024-03-02', '900.00', '0', 'Occupied', 'Paid', 'EMP002'),  
('RS87', '87', '8', '2024-03-01', '2024-03-03', '1800.00', '0', 'Occupied', 'Paid', 'EMP002'),  
('RS88', '88', '6', '2024-03-01', '2024-03-02', '1800.00', '0', 'Occupied', 'Paid', 'EMP003'),
('RS89', '89', '5', '2024-03-03', '2024-03-04', '1500.00', '1', 'Occupied', 'Paid', 'EMP002'),
('RS90', '90', '4', '2024-03-03', '2024-03-04', '1500.00', '0', 'Occupied', 'Paid', 'EMP003'),
('RS91', '91', '7', '2024-03-03', '2024-03-04', '900.00', '0', 'Occupied', 'Paid', 'EMP002'),  
('RS92', '92', '3', '2024-03-03', '2024-03-05', '1500.00', '1', 'Occupied', 'Paid', 'EMP002'),
('RS93', '93', '2', '2024-03-03', '2024-03-04', '1500.00', '1', 'Occupied', 'Paid', 'EMP003'),
('RS94', '94', '18', '2024-03-05', '2024-03-07', '5600.00', '2', 'Occupied', 'Paid', 'EMP002'),
('RS95', '95', '7', '2024-03-05', '2024-03-06', '900.00', '0', 'Occupied', 'Paid', 'EMP002'),    
('RS96', '96', '8', '2024-03-05', '2024-03-07', '1800.00', '0', 'Occupied', 'Paid', 'EMP003'), 
('RS97', '97', '6', '2024-03-05', '2024-03-07', '1800.00', '0', 'Occupied', 'Paid', 'EMP002'),
('RS98', '98', '5', '2024-03-07', '2024-03-08', '1500.00', '1', 'Occupied', 'Paid', 'EMP003'),
('RS99', '99', '20', '2024-03-07', '2024-03-09', '4000.00', '29', 'Occupied', 'Paid', 'EMP002'),
('RS100', '100', '7', '2024-03-07', '2024-03-08', '900.00', '0', 'Occupied', 'Paid', 'EMP002'),
('RS101', '2', '20', '2024-03-10', '2024-03-11', '2000.00', '29', 'Occupied', 'Paid', 'EMP002'),
('RS102', '5', '16', '2024-03-11', '2024-03-12', '2800.00', '1', 'Occupied', 'Paid', 'EMP002'),
('RS103', '7', '19', '2024-03-11', '2024-03-12', '2800.00', '1', 'Occupied', 'Paid', 'EMP002'),
('RS104', '9', '7', '2024-03-12', '2024-03-13', '900.00', '0', 'Occupied', 'Paid', 'EMP003'),
('RS105', '11', '20', '2024-03-13', '2024-03-14', '2000.00', '29', 'Occupied', 'Paid', 'EMP003'),
('RS106', '13', '7', '2024-03-13', '2024-03-14', '900.00', '0', 'Occupied', 'Paid', 'EMP003'),
('RS107', '15', '14', '2024-03-13', '2024-03-14', '4500.00', '3', 'Occupied', 'Paid', 'EMP002'),
('RS108', '17', '9', '2024-03-13', '2024-03-14', '900.00', '0', 'Occupied', 'Paid', 'EMP003'),
('RS109', '19', '20', '2024-03-13', '2024-03-15', '4000.00', '29', 'Occupied', 'Paid', 'EMP003'),
('RS110', '21', '13', '2024-03-14', '2024-03-14', '4500.00', '1', 'Occupied', 'Paid', 'EMP002');
INSERT INTO ServiceBooking (BookingID, GuestID, ServiceID, ReservationID, Quantity, TotalAmount) VALUES
('BK01', '1', 'S22', 'RS2', '1', '250'),
('BK02', '2', 'S22', 'RS2', '1', '250'),
('BK03', '12','S22', 'RS13', '2', '500'),
('BK04', '13','S22', 'RS14', '1', '250'),
('BK05', '21','S11', 'RS21', '1', '300'),
('BK06', '25','S33', 'RS25', '1', '500'),
('BK07', '35','S33', 'RS32', '2', '1000'),
('BK08', '38','S11', 'RS38', '1', '300'),
('BK09', '44','S44', 'RS44', '3', '150'),
('BK10', '47','S44', 'RS47', '2', '100'),
('BK11', '53','S44', 'RS53', '4', '200'),
('BK12', '56','S33', 'RS56', '1', '500'),
('BK13', '56','S55', 'RS56', '1', '0'),
('BK14', '59','S55', 'RS59', '3', '0'),
('BK15', '60','S44', 'RS60', '2', '100'),
('BK16', '63','S44', 'RS63', '1', '50'),
('BK17', '65','S11', 'RS65', '1', '300'),
('BK18', '70','S44', 'RS70', '1', '50'),
('BK19', '74','S11', 'RS74', '1', '300'),
('BK20', '74','S33', 'RS74', '1', '500'),
('BK21', '74','S55', 'RS74', '1', '0'),
('BK22', '74','S44', 'RS74', '4', '200'),
('BK23', '78','S22', 'RS78', '1', '250'),
('BK24', '78','S44', 'RS78', '6', '300'),
('BK25', '78','S33', 'RS78', '2', '1000'),
('BK26', '81','S44', 'RS81', '2', '100'),
('BK27', '89','S33', 'RS89', '1', '500'),
('BK28', '89','S44', 'RS89', '1', '50'),
('BK29', '94','S11', 'RS94', '1', '300'),
('BK30', '94','S44', 'RS94', '4', '200'),
('BK31', '94','S33', 'RS94', '2', '1000'),
('BK32', '98','S44', 'RS98', '1', '50'),
('BK33', '99','S44', 'RS99', '1', '50'),
('BK34', '5','S55', 'RS102', '1', '0'),
('BK35', '15','S55', 'RS107', '1', '0'),
('BK36', '15','S33', 'RS107', '1', '500'),
('BK37', '15','S44', 'RS107', '4', '200'),
('BK38', '17','S44', 'RS108', '2', '100'),
('BK39', '21','S55', 'RS110', '1', '0'),
('BK40', '21','S44', 'RS110', '1', '50');



























